{
  "$schema": "../../schema/score.json",
  "scores": {
    "2025-02-17": {
      "text_french": 1418.3373195443323,
      "text_overall_style_control": 1333.312157952072,
      "text_overall": 1402.237025188755,
      "text_creative_writing": 1421.693570557157,
      "text_creative_writing_style_control": 1361.4233278469665,
      "text_coding": 1399.0454841935298,
      "text_coding_style_control": 1336.0841650755303,
      "text_if": 1395.8665826015945,
      "text_if_style_control": 1344.0146438587567,
      "text_math": 1352.5851233408105,
      "text_math_style_control": 1317.0183761500284,
      "text_hard_6_style_control": 1327.97823512325,
      "text_hard_6": 1397.4214488673774,
      "text_hard_english_6": 1387.8192477451985,
      "text_english": 1381.4270372059702,
      "text_chinese": 1493.0638588522652,
      "text_multiturn": 1414.2092933783022,
      "text_multiturn_style_control": 1355.3798124343302,
      "text_long_user": 1424.7285566024152,
      "text_long_user_style_control": 1357.4022548054327,
      "text_german": 1393.5796826376995,
      "text_spanish": 1450.1294408337094,
      "text_russian": 1405.8077159493464,
      "text_japanese": 1495.3791726001357,
      "text_korean": 1542.219551204463,
      "text_no_tie": 1560.7071941264803,
      "text_no_short": 1405.3880099645846,
      "text_no_refusal": 1406.575594935219,
      "vision_french": 1418.3373195443323,
      "vision_overall_style_control": 1333.312157952072,
      "vision_overall": 1402.237025188755,
      "vision_creative_writing": 1421.693570557157,
      "vision_creative_writing_style_control": 1361.4233278469665,
      "vision_coding": 1399.0454841935298,
      "vision_coding_style_control": 1336.0841650755303,
      "vision_if": 1395.8665826015945,
      "vision_if_style_control": 1344.0146438587567,
      "vision_math": 1352.5851233408105,
      "vision_math_style_control": 1317.0183761500284,
      "vision_hard_6_style_control": 1327.97823512325,
      "vision_hard_6": 1397.4214488673774,
      "vision_hard_english_6": 1387.8192477451985,
      "vision_english": 1381.4270372059702,
      "vision_chinese": 1493.0638588522652,
      "vision_multiturn": 1414.2092933783022,
      "vision_multiturn_style_control": 1355.3798124343302,
      "vision_long_user": 1424.7285566024152,
      "vision_long_user_style_control": 1357.4022548054327,
      "vision_german": 1393.5796826376995,
      "vision_spanish": 1450.1294408337094,
      "vision_russian": 1405.8077159493464,
      "vision_japanese": 1495.3791726001357,
      "vision_korean": 1542.219551204463,
      "vision_no_tie": 1560.7071941264803,
      "vision_no_short": 1405.3880099645846,
      "vision_no_refusal": 1406.575594935219
    },
    "2025-02-21": {
      "text_french": 1410.5696382655249,
      "text_overall_style_control": 1333.785751463524,
      "text_overall": 1403.1097176988505,
      "text_creative_writing": 1415.728535431961,
      "text_creative_writing_style_control": 1356.5273399657995,
      "text_coding": 1402.815881698602,
      "text_coding_style_control": 1339.2065486514348,
      "text_if": 1400.0283329708218,
      "text_if_style_control": 1347.5189752613655,
      "text_math": 1349.6788796970325,
      "text_math_style_control": 1313.0876164625724,
      "text_hard_6_style_control": 1331.9508332928895,
      "text_hard_6": 1401.8147815318316,
      "text_hard_english_6": 1391.6220022663413,
      "text_english": 1382.2028993569552,
      "text_chinese": 1500.6976740077343,
      "text_multiturn": 1416.6485402056414,
      "text_multiturn_style_control": 1357.1419163936175,
      "text_long_user": 1424.9446329868351,
      "text_long_user_style_control": 1358.2020580020162,
      "text_german": 1379.3942213663645,
      "text_spanish": 1441.5342843902692,
      "text_russian": 1406.7713304705308,
      "text_japanese": 1483.543000808856,
      "text_korean": 1535.6277398707698,
      "text_no_tie": 1560.319343524439,
      "text_no_short": 1405.9373689389208,
      "text_no_refusal": 1407.087766161173,
      "vision_french": 1410.5696382655249,
      "vision_overall_style_control": 1333.785751463524,
      "vision_overall": 1403.1097176988505,
      "vision_creative_writing": 1415.728535431961,
      "vision_creative_writing_style_control": 1356.5273399657995,
      "vision_coding": 1402.815881698602,
      "vision_coding_style_control": 1339.2065486514348,
      "vision_if": 1400.0283329708218,
      "vision_if_style_control": 1347.5189752613655,
      "vision_math": 1349.6788796970325,
      "vision_math_style_control": 1313.0876164625724,
      "vision_hard_6_style_control": 1331.9508332928895,
      "vision_hard_6": 1401.8147815318316,
      "vision_hard_english_6": 1391.6220022663413,
      "vision_english": 1382.2028993569552,
      "vision_chinese": 1500.6976740077343,
      "vision_multiturn": 1416.6485402056414,
      "vision_multiturn_style_control": 1357.1419163936175,
      "vision_long_user": 1424.9446329868351,
      "vision_long_user_style_control": 1358.2020580020162,
      "vision_german": 1379.3942213663645,
      "vision_spanish": 1441.5342843902692,
      "vision_russian": 1406.7713304705308,
      "vision_japanese": 1483.543000808856,
      "vision_korean": 1535.6277398707698,
      "vision_no_tie": 1560.319343524439,
      "vision_no_short": 1405.9373689389208,
      "vision_no_refusal": 1407.087766161173
    },
    "2025-02-27": {
      "text_french": 1396.7064742199686,
      "text_overall_style_control": 1333.8639241141493,
      "text_overall": 1403.4550352813053,
      "text_creative_writing": 1418.2262704908878,
      "text_creative_writing_style_control": 1358.7226471417612,
      "text_coding": 1406.9010329651305,
      "text_coding_style_control": 1343.0850053269673,
      "text_if": 1402.7733653638215,
      "text_if_style_control": 1349.7549428515154,
      "text_math": 1349.152466925585,
      "text_math_style_control": 1312.2726695784986,
      "text_hard_6_style_control": 1332.9068669743476,
      "text_hard_6": 1403.0461459962212,
      "text_hard_english_6": 1389.673494467581,
      "text_english": 1380.5615004517435,
      "text_chinese": 1503.5868718506708,
      "text_multiturn": 1416.5052610376802,
      "text_multiturn_style_control": 1356.6270371835603,
      "text_long_user": 1423.6661668215813,
      "text_long_user_style_control": 1356.0532608656927,
      "text_german": 1397.665663059361,
      "text_spanish": 1441.5857122552638,
      "text_russian": 1415.9397020256285,
      "text_japanese": 1488.1802867480483,
      "text_korean": 1524.954039460221,
      "text_no_tie": 1559.7498246612997,
      "text_no_short": 1406.516746716762,
      "text_no_refusal": 1407.4661013102434,
      "vision_french": 1396.7064742199686,
      "vision_overall_style_control": 1333.8639241141493,
      "vision_overall": 1403.4550352813053,
      "vision_creative_writing": 1418.2262704908878,
      "vision_creative_writing_style_control": 1358.7226471417612,
      "vision_coding": 1406.9010329651305,
      "vision_coding_style_control": 1343.0850053269673,
      "vision_if": 1402.7733653638215,
      "vision_if_style_control": 1349.7549428515154,
      "vision_math": 1349.152466925585,
      "vision_math_style_control": 1312.2726695784986,
      "vision_hard_6_style_control": 1332.9068669743476,
      "vision_hard_6": 1403.0461459962212,
      "vision_hard_english_6": 1389.673494467581,
      "vision_english": 1380.5615004517435,
      "vision_chinese": 1503.5868718506708,
      "vision_multiturn": 1416.5052610376802,
      "vision_multiturn_style_control": 1356.6270371835603,
      "vision_long_user": 1423.6661668215813,
      "vision_long_user_style_control": 1356.0532608656927,
      "vision_german": 1397.665663059361,
      "vision_spanish": 1441.5857122552638,
      "vision_russian": 1415.9397020256285,
      "vision_japanese": 1488.1802867480483,
      "vision_korean": 1524.954039460221,
      "vision_no_tie": 1559.7498246612997,