{
  "$schema": "../../schema/score.json",
  "scores": {
    "2025-02-05": {
      "text_french": 1373.5859719552516,
      "text_overall_style_control": 1286.6810697507112,
      "text_overall": 1356.8286190703607,
      "text_creative_writing": 1365.2118585171934,
      "text_creative_writing_style_control": 1311.554785420271,
      "text_coding": 1352.6574763683152,
      "text_coding_style_control": 1275.968481427602,
      "text_if": 1352.2771487690356,
      "text_if_style_control": 1302.956297808352,
      "text_math": 1332.8239786752451,
      "text_math_style_control": 1301.3148679274154,
      "text_hard_6_style_control": 1283.3452501091124,
      "text_hard_6": 1351.4965606844244,
      "text_hard_english_6": 1350.5504000126723,
      "text_english": 1334.9247876703816,
      "text_chinese": 1461.2402868696568,
      "text_multiturn": 1378.7068090933005,
      "text_multiturn_style_control": 1322.9140465830665,
      "text_long_user": 1365.432357972058,
      "text_long_user_style_control": 1313.0919073447906,
      "text_german": 1379.4242634459215,
      "text_spanish": 1383.4166929020132,
      "text_russian": 1360.8116132768819,
      "text_japanese": 1426.3298539673951,
      "text_korean": 1466.2338837552247,
      "text_no_tie": 1490.5341746014055,
      "text_no_short": 1358.7324530679762,
      "text_no_refusal": 1361.724343942402,
      "vision_french": 1373.5859719552516,
      "vision_overall_style_control": 1286.6810697507112,
      "vision_overall": 1356.8286190703607,
      "vision_creative_writing": 1365.2118585171934,
      "vision_creative_writing_style_control": 1311.554785420271,
      "vision_coding": 1352.6574763683152,
      "vision_coding_style_control": 1275.968481427602,
      "vision_if": 1352.2771487690356,
      "vision_if_style_control": 1302.956297808352,
      "vision_math": 1332.8239786752451,
      "vision_math_style_control": 1301.3148679274154,
      "vision_hard_6_style_control": 1283.3452501091124,
      "vision_hard_6": 1351.4965606844244,
      "vision_hard_english_6": 1350.5504000126723,
      "vision_english": 1334.9247876703816,
      "vision_chinese": 1461.2402868696568,
      "vision_multiturn": 1378.7068090933005,
      "vision_multiturn_style_control": 1322.9140465830665,
      "vision_long_user": 1365.432357972058,
      "vision_long_user_style_control": 1313.0919073447906,
      "vision_german": 1379.4242634459215,
      "vision_spanish": 1383.4166929020132,
      "vision_russian": 1360.8116132768819,
      "vision_japanese": 1426.3298539673951,
      "vision_korean": 1466.2338837552247,
      "vision_no_tie": 1490.5341746014055,
      "vision_no_short": 1358.7324530679762,
      "vision_no_refusal": 1361.724343942402
    },
    "2025-02-09": {
      "text_french": 1347.1509890211269,
      "text_overall_style_control": 1284.263966837702,
      "text_overall": 1355.0293435092717,
      "text_creative_writing": 1365.238866766672,
      "text_creative_writing_style_control": 1310.956425422348,
      "text_coding": 1349.172858495351,
      "text_coding_style_control": 1270.5055721067802,
      "text_if": 1350.6054625174743,
      "text_if_style_control": 1300.6046550237131,
      "text_math": 1331.6738569942186,
      "text_math_style_control": 1299.1047225846542,
      "text_hard_6_style_control": 1283.1717088706096,
      "text_hard_6": 1351.6616210046504,
      "text_hard_english_6": 1345.9790235772252,
      "text_english": 1334.3397258519221,
      "text_chinese": 1452.9518638567138,
      "text_multiturn": 1375.0795817617372,
      "text_multiturn_style_control": 1318.4134379206807,
      "text_long_user": 1367.4681902301136,
      "text_long_user_style_control": 1313.9336412932225,
      "text_german": 1377.3718134558426,
      "text_spanish": 1399.671497696581,
      "text_russian": 1361.0761174730237,
      "text_japanese": 1425.4117811672616,
      "text_korean": 1458.9669708449214,
      "text_no_tie": 1488.2690563335564,
      "text_no_short": 1357.1150498359461,
      "text_no_refusal": 1359.908052678783,
      "vision_french": 1347.1509890211269,
      "vision_overall_style_control": 1284.263966837702,
      "vision_overall": 1355.0293435092717,
      "vision_creative_writing": 1365.238866766672,
      "vision_creative_writing_style_control": 1310.956425422348,
      "vision_coding": 1349.172858495351,
      "vision_coding_style_control": 1270.5055721067802,
      "vision_if": 1350.6054625174743,
      "vision_if_style_control": 1300.6046550237131,
      "vision_math": 1331.6738569942186,
      "vision_math_style_control": 1299.1047225846542,
      "vision_hard_6_style_control": 1283.1717088706096,
      "vision_hard_6": 1351.6616210046504,
      "vision_hard_english_6": 1345.9790235772252,
      "vision_english": 1334.3397258519221,
      "vision_chinese": 1452.9518638567138,
      "vision_multiturn": 1375.0795817617372,
      "vision_multiturn_style_control": 1318.4134379206807,
      "vision_long_user": 1367.4681902301136,
      "vision_long_user_style_control": 1313.9336412932225,
      "vision_german": 1377.3718134558426,
      "vision_spanish": 1399.671497696581,
      "vision_russian": 1361.0761174730237,
      "vision_japanese": 1425.4117811672616,
      "vision_korean": 1458.9669708449214,
      "vision_no_tie": 1488.2690563335564,
      "vision_no_short": 1357.1150498359461,
      "vision_no_refusal": 1359.908052678783
    },
    "2025-02-11": {
      "text_french": 1346.135781617072,
      "text_overall_style_control": 1284.4578608827665,
      "text_overall": 1355.0605223089528,
      "text_creative_writing": 1362.4219819203659,
      "text_creative_writing_style_control": 1307.4429230337685,
      "text_coding": 1349.2307926506141,
      "text_coding_style_control": 1270.6361150846237,
      "text_if": 1351.5573050347598,
      "text_if_style_control": 1301.3517152300676,
      "text_math": 1334.0464234398057,
      "text_math_style_control": 1301.310294875492,
      "text_hard_6_style_control": 1283.3355770077019,
      "text_hard_6": 1351.812162660417,
      "text_hard_english_6": 1347.4635903386234,
      "text_english": 1335.4345180450516,
      "text_chinese": 1447.6860684206235,
      "text_multiturn": 1374.6788408729067,
      "text_multiturn_style_control": 1318.386046877838,
      "text_long_user": 1366.9709252340958,
      "text_long_user_style_control": 1314.0390764716617,
      "text_german": 1376.6029815100894,
      "text_spanish": 1401.9867402401992,
      "text_russian": 1358.9317263466567,
      "text_japanese": 1426.5475413608997,
      "text_korean": 1457.7654879940371,
      "text_no_tie": 1488.7166291751892,
      "text_no_short": 1357.24141807209,
      "text_no_refusal": 1359.9337406649854,
      "vision_french": 1346.135781617072,
      "vision_overall_style_control": 1284.4578608827665,
      "vision_overall": 1355.0605223089528,
      "vision_creative_writing": 1362.4219819203659,
      "vision_creative_writing_style_control": 1307.4429230337685,
      "vision_coding": 1349.2307926506141,
      "vision_coding_style_control": 1270.6361150846237,
      "vision_if": 1351.5573050347598,
      "vision_if_style_control": 1301.3517152300676,
      "vision_math": 1334.0464234398057,
      "vision_math_style_control": 1301.310294875492,
      "vision_hard_6_style_control": 1283.3355770077019,
      "vision_hard_6": 1351.812162660417,
      "vision_hard_english_6": 1347.4635903386234,
      "vision_english": 1335.4345180450516,
      "vision_chinese": 1447.6860684206235,
      "vision_multiturn": 1374.6788408729067,
      "vision_multiturn_style_control": 1318.386046877838,
      "vision_long_user": 1366.9709252340958,
      "vision_long_user_style_control": 1314.0390764716617,
      "vision_german": 1376.6029815100894,
      "vision_spanish": 1401.9867402401992,
      "vision_russian": 1358.9317263466567,
      "vision_japanese": 1426.5475413608997,
      "vision_korean": 1457.7654879940371,
      "vision_no_tie": 1488.7166291751892,